city_zone,vehicles,avg_grid,avg_renewable,high_risk_share,vehicles_norm,avg_grid_norm,avg_renewable_norm,high_risk_share_norm,priority_score
Central,6804,270.93324528301883,44.55830188679246,0.22075471698113208,0.19243243243243244,0.15672590199829858,0.25809131385904116,1.0,0.3807236954650218
East,6983,268.3014716312057,44.001595744680856,0.20035460992907803,0.38594594594594595,0.0,0.0,0.5382946843732536,0.29656948639305714
North,7551,276.220220713073,45.31086587436332,0.1765704584040747,1.0,0.4715728845825401,0.6069831503644616,0.0,0.40719490610918885
South,7000,285.09367775831873,44.605954465849386,0.20490367775831875,0.4043243243243243,1.0,0.28018325035344643,0.6412514381073271,0.555870619910367
West,6626,280.9882417582417,46.15860805860805,0.21062271062271062,0.0,0.755515387972263,1.0,0.7706874193497842,0.320085072798001
